{
  "rustpython": {
    "mean_ms": 128.21301319927443,
    "median_ms": 110.64889200497419,
    "stdev_ms": 56.18055369380906,
    "min_ms": 95.87138300412335,
    "max_ms": 285.93806200660765,
    "iterations": 10
  },
  "cpython": {
    "mean_ms": 26.769355099531822,
    "median_ms": 26.51185099966824,
    "stdev_ms": 1.2250759634764326,
    "min_ms": 24.961692004580982,
    "max_ms": 28.637673996854573,
    "iterations": 10
  },
  "timestamp": "2026-07-06 17:55:10"
}